{"cameraMode":{"drawMode":0,"name":"Shaded","section":"Shading Mode"},"sceneLighting":true,"audioPlay":false,"sceneViewState":{"m_AlwaysRefresh":false,"showFog":true,"showSkybox":true,"showFlares":true,"showImageEffects":true,"showParticleSystems":true,"showVisualEffectGraphs":true,"m_FxEnabled":true},"in2DMode":false,"pivot":{"x":1.178134799003601,"y":3.8766932487487795,"z":1.5039520263671876},"rotation":{"x":-0.024041540920734407,"y":0.9734317660331726,"z":-0.1925755888223648,"w":-0.12152509391307831},"size":4.094592094421387,"orthographic":false}